{
  "code": 0,
  "message": "",
  "data": {
    "onlineCount": 0,
    "managerList": {
      "count": 24,
      "items": [
        {
          "uid": 33,
          "nickname": "用户_33",
          "avatar": "https://kascdn.kascend.com/jellyfish/avatar/160330/1459332866908.jpg!jellyfishavatar",
          "gender": "male",
          "signature": "bnbbjjjhhggffggghh'hhjjjjjjjjjjkjjv",
          "rank": {
            "point": 0
          },
          "professional": 1,
          "meta": {
            "online": false
          }
        },
        {
          "uid": 82,
          "nickname": "用户_82",
          "avatar": "https://kascdn.kascend.com/jellyfish/avatar/default/default_avatar_1.jpg!jellyfishavatar",
          "gender": "female",
          "signature": "",
          "rank": {
            "point": 0
          },
          "professional": 1,
          "meta": {
            "online": false
          }
        },
        {
          "uid": 229,
          "nickname": "太年轻1",
          "avatar": "https://kascdn.kascend.com/jellyfish/uiupload/default/default-2.png",
          "gender": "male",
          "signature": "",
          "rank": {
            "point": 0
          },
          "professional": 1,
          "meta": {
            "online": false
          }
        },
        {
          "uid": 11640165,
          "nickname": "萝卜3",
          "avatar": "https://kascdn.kascend.com/jellyfish/avatar/11640165/1489993211801.jpg!jellyfishavatar",
          "gender": "male",
          "signature": "hhhhhhhhhhttps://vchushou.com/m/u/1155450006.htm?hmsr=share&",
          "rank": {
            "point": 0
          },
          "professional": 1,
          "meta": {
            "online": false,
            "managerIcon": "https://cdn.kascend.com/jellyfish/medal/ios/6/manager_1.png",
            "fansIcon": "https://kascdn.kascend.com/jellyfish/bigfans/4074001/4074001_18_51.png"
          }
        },
        {
          "uid": 18340002,
          "nickname": "BGG",
          "avatar": "https://kascdn.kascend.com/jellyfish/avatar/18340002/1485320392830.jpg!jellyfishavatar",
          "gender": "unknow",
          "signature": "",
          "rank": {
            "point": 0
          },
          "professional": 0,
          "meta": {
            "online": false,
            "fansIcon": "https://kascdn.kascend.com/jellyfish/bigfans/4074001/4074001_4_51.png"
          }
        },
        {
          "uid": 1155450006,
          "nickname": "试图",
          "avatar": "https://kascdn.kascend.com/jellyfish/avatar/1155450006/1488368518558.jpg!jellyfishavatar",
          "gender": "male",
          "signature": "",
          "rank": {
            "point": 0
          },
          "professional": 0,
          "meta": {
            "online": false
          }
        },
        {
          "uid": 33,
          "nickname": "用户_33",
          "avatar": "https://kascdn.kascend.com/jellyfish/avatar/160330/1459332866908.jpg!jellyfishavatar",
          "gender": "male",
          "signature": "bnbbjjjhhggffggghh'hhjjjjjjjjjjkjjv",
          "rank": {
            "point": 0
          },
          "professional": 1,
          "meta": {
            "online": false
          }
        },
        {
          "uid": 82,
          "nickname": "用户_82",
          "avatar": "https://kascdn.kascend.com/jellyfish/avatar/default/default_avatar_1.jpg!jellyfishavatar",
          "gender": "female",
          "signature": "",
          "rank": {
            "point": 0
          },
          "professional": 1,
          "meta": {
            "online": false
          }
        },
        {
          "uid": 229,
          "nickname": "太年轻1",
          "avatar": "https://kascdn.kascend.com/jellyfish/uiupload/default/default-2.png",
          "gender": "male",
          "signature": "",
          "rank": {
            "point": 0
          },
          "professional": 1,
          "meta": {
            "online": false
          }
        },
        {
          "uid": 11640165,
          "nickname": "萝卜3",
          "avatar": "https://kascdn.kascend.com/jellyfish/avatar/11640165/1489993211801.jpg!jellyfishavatar",
          "gender": "male",
          "signature": "hhhhhhhhhhttps://vchushou.com/m/u/1155450006.htm?hmsr=share&",
          "rank": {
            "point": 0
          },
          "professional": 1,
          "meta": {
            "online": false,
            "managerIcon": "https://cdn.kascend.com/jellyfish/medal/ios/6/manager_1.png",
            "fansIcon": "https://kascdn.kascend.com/jellyfish/bigfans/4074001/4074001_18_51.png"
          }
        },
        {
          "uid": 18340002,
          "nickname": "BGG",
          "avatar": "https://kascdn.kascend.com/jellyfish/avatar/18340002/1485320392830.jpg!jellyfishavatar",
          "gender": "unknow",
          "signature": "",
          "rank": {
            "point": 0
          },
          "professional": 0,
          "meta": {
            "online": false,
            "fansIcon": "https://kascdn.kascend.com/jellyfish/bigfans/4074001/4074001_4_51.png"
          }
        },
        {
          "uid": 1155450006,
          "nickname": "试图",
          "avatar": "https://kascdn.kascend.com/jellyfish/avatar/1155450006/1488368518558.jpg!jellyfishavatar",
          "gender": "male",
          "signature": "",
          "rank": {
            "point": 0
          },
          "professional": 0,
          "meta": {
            "online": false
          }
        }
      ],
      "breakpoint": "6"
    },
    "isCreator": true
  }
}