{
  "code": 0,
  "message": "",
  "data": {
    "onlineList": {
      "count": 12,
      "items": [
        {
          "uid": 11620178,
          "nickname": "萝卜1",
          "avatar": "https://kascdn.kascend.com/jellyfish/avatar/11620178/1473737360421.jpg!jellyfishavatar",
          "gender": "male",
          "signature": "哈哈哈哈哈哈哈哈哈哈哈哈\n回来嗯\n给你",
          "rank": {
            "point": 0
          },
          "professional": 1,
          "meta": {
            "managerIcon": "https://cdn.kascend.com/jellyfish/medal/ios/6/manager_1.png",
            "fansIcon": "https://kascdn.kascend.com/jellyfish/bigfans/4074001/4074001_15_52.png"
          }
        },
        {
          "uid": 11620178,
          "nickname": "萝卜1",
          "avatar": "https://kascdn.kascend.com/jellyfish/avatar/11620178/1473737360421.jpg!jellyfishavatar",
          "gender": "male",
          "signature": "哈哈哈哈哈哈哈哈哈哈哈哈\n回来嗯\n给你",
          "rank": {
            "point": 0
          },
          "professional": 1,
          "meta": {
            "managerIcon": "https://cdn.kascend.com/jellyfish/medal/ios/6/manager_1.png",
            "fansIcon": "https://kascdn.kascend.com/jellyfish/bigfans/4074001/4074001_15_52.png"
          }
        },
        {
          "uid": 11620178,
          "nickname": "萝卜1",
          "avatar": "https://kascdn.kascend.com/jellyfish/avatar/11620178/1473737360421.jpg!jellyfishavatar",
          "gender": "male",
          "signature": "哈哈哈哈哈哈哈哈哈哈哈哈\n回来嗯\n给你",
          "rank": {
            "point": 0
          },
          "professional": 1,
          "meta": {
            "managerIcon": "https://cdn.kascend.com/jellyfish/medal/ios/6/manager_1.png",
            "fansIcon": "https://kascdn.kascend.com/jellyfish/bigfans/4074001/4074001_15_52.png"
          }
        },
        {
          "uid": 11620178,
          "nickname": "萝卜1",
          "avatar": "https://kascdn.kascend.com/jellyfish/avatar/11620178/1473737360421.jpg!jellyfishavatar",
          "gender": "male",
          "signature": "哈哈哈哈哈哈哈哈哈哈哈哈\n回来嗯\n给你",
          "rank": {
            "point": 0
          },
          "professional": 1,
          "meta": {
            "managerIcon": "https://cdn.kascend.com/jellyfish/medal/ios/6/manager_1.png",
            "fansIcon": "https://kascdn.kascend.com/jellyfish/bigfans/4074001/4074001_15_52.png"
          }
        },
        {
          "uid": 11620178,
          "nickname": "萝卜1",
          "avatar": "https://kascdn.kascend.com/jellyfish/avatar/11620178/1473737360421.jpg!jellyfishavatar",
          "gender": "male",
          "signature": "哈哈哈哈哈哈哈哈哈哈哈哈\n回来嗯\n给你",
          "rank": {
            "point": 0
          },
          "professional": 1,
          "meta": {
            "managerIcon": "https://cdn.kascend.com/jellyfish/medal/ios/6/manager_1.png",
            "fansIcon": "https://kascdn.kascend.com/jellyfish/bigfans/4074001/4074001_15_52.png"
          }
        },
        {
          "uid": 11620178,
          "nickname": "萝卜1",
          "avatar": "https://kascdn.kascend.com/jellyfish/avatar/11620178/1473737360421.jpg!jellyfishavatar",
          "gender": "male",
          "signature": "哈哈哈哈哈哈哈哈哈哈哈哈\n回来嗯\n给你",
          "rank": {
            "point": 0
          },
          "professional": 1,
          "meta": {
            "managerIcon": "https://cdn.kascend.com/jellyfish/medal/ios/6/manager_1.png",
            "fansIcon": "https://kascdn.kascend.com/jellyfish/bigfans/4074001/4074001_15_52.png"
          }
        }
      ],
      "breakpoint": "494827_0"
    },
    "fansName": "萝卜地"
  }
}